{"stats":{"minecraft:custom":{"minecraft:time_since_rest":796,"minecraft:sprint_one_cm":124653,"minecraft:damage_taken":20,"minecraft:walk_one_cm":41444,"minecraft:mob_kills":5,"minecraft:drop":1,"minecraft:damage_dealt":441,"minecraft:swim_one_cm":10916,"minecraft:interact_with_crafting_table":3,"minecraft:fly_one_cm":166118,"minecraft:open_chest":1,"minecraft:play_time":19525,"minecraft:sneak_time":42,"minecraft:walk_under_water_one_cm":6673,"minecraft:jump":578,"minecraft:leave_game":2,"minecraft:time_since_death":19525,"minecraft:walk_on_water_one_cm":4160,"minecraft:sleep_in_bed":2,"minecraft:total_world_time":19525,"minecraft:fall_one_cm":20866},"minecraft:crafted":{"minecraft:oak_planks":96,"minecraft:crafting_table":1,"minecraft:stick":4,"minecraft:wooden_axe":2,"minecraft:white_bed":1},"minecraft:killed":{"minecraft:sheep":3,"minecraft:cow":2},"minecraft:mined":{"minecraft:white_bed":2,"biomesoplenty:desert_grass":1,"minecraft:crafting_table":3,"minecraft:grass":15,"minecraft:acacia_log":2,"minecraft:grass_block":10,"minecraft:oak_log":89,"minecraft:rose_bush":2,"minecraft:tall_grass":4,"minecraft:sugar_cane":1,"minecraft:oak_leaves":2},"minecraft:used":{"minecraft:wooden_axe":135,"minecraft:bread":4,"minecraft:crafting_table":3,"minecraft:oak_sapling":27,"minecraft:white_bed":2},"minecraft:dropped":{"alexsmobs:animal_dictionary":1},"minecraft:picked_up":{"minecraft:stick":13,"minecraft:crafting_table":3,"minecraft:leather":2,"minecraft:acacia_log":2,"minecraft:oak_log":88,"minecraft:white_bed":2,"alexsmobs:animal_dictionary":1,"minecraft:dirt":10,"minecraft:apple":3,"minecraft:wheat_seeds":2,"minecraft:beef":5,"minecraft:rose_bush":2,"minecraft:oak_sapling":27,"minecraft:sugar_cane":3,"minecraft:mutton":5,"minecraft:white_wool":3},"minecraft:broken":{"minecraft:wooden_axe":2}},"DataVersion":3465}