{"stats":{"minecraft:custom":{"minecraft:time_since_rest":7947,"minecraft:sprint_one_cm":169455,"minecraft:damage_taken":470,"minecraft:walk_one_cm":78348,"minecraft:mob_kills":5,"minecraft:drop":23,"minecraft:damage_dealt":453,"minecraft:swim_one_cm":10916,"minecraft:interact_with_crafting_table":3,"minecraft:fly_one_cm":209297,"minecraft:open_chest":1,"minecraft:crouch_one_cm":5212,"minecraft:play_time":31525,"minecraft:deaths":1,"minecraft:sneak_time":1438,"minecraft:walk_under_water_one_cm":6673,"minecraft:jump":799,"minecraft:leave_game":2,"minecraft:time_since_death":7918,"minecraft:walk_on_water_one_cm":4160,"minecraft:sleep_in_bed":2,"minecraft:total_world_time":31525,"minecraft:fall_one_cm":28326},"minecraft:crafted":{"minecraft:oak_planks":352,"minecraft:crafting_table":1,"minecraft:stick":4,"minecraft:wooden_axe":2,"minecraft:white_bed":1},"minecraft:killed":{"minecraft:sheep":3,"minecraft:cow":2},"minecraft:mined":{"minecraft:white_bed":2,"biomesoplenty:desert_grass":4,"minecraft:crafting_table":3,"minecraft:grass":26,"minecraft:acacia_log":2,"minecraft:grass_block":10,"minecraft:oak_log":89,"minecraft:rose_bush":2,"minecraft:dirt":21,"minecraft:tall_grass":8,"minecraft:spruce_leaves":1,"minecraft:sugar_cane":1,"minecraft:oak_leaves":3},"minecraft:used":{"minecraft:wooden_axe":135,"minecraft:bread":7,"minecraft:oak_planks":23,"minecraft:dirt":40,"minecraft:beef":2,"minecraft:crafting_table":4,"minecraft:oak_sapling":27,"minecraft:white_bed":2},"minecraft:dropped":{"minecraft:dirt":12,"alexsmobs:animal_dictionary":2,"biomesoplenty:wildflower":6,"minecraft:apple":3},"minecraft:picked_up":{"minecraft:stick":26,"minecraft:crafting_table":3,"minecraft:leather":4,"minecraft:acacia_log":4,"minecraft:oak_log":152,"minecraft:white_bed":3,"minecraft:gunpowder":4,"alexsmobs:animal_dictionary":3,"minecraft:dirt":79,"minecraft:rotten_flesh":2,"minecraft:apple":6,"minecraft:wheat_seeds":8,"minecraft:iron_ingot":4,"minecraft:beef":10,"minecraft:rose_bush":4,"minecraft:emerald":1,"minecraft:oak_sapling":27,"biomesoplenty:wildflower":19,"minecraft:sugar_cane":6,"minecraft:mutton":10,"minecraft:oak_planks":81,"minecraft:white_wool":3},"minecraft:broken":{"minecraft:wooden_axe":2}},"DataVersion":3465}