{"stats":{"minecraft:custom":{"minecraft:time_since_rest":192,"minecraft:sprint_one_cm":203212,"minecraft:damage_taken":625,"minecraft:walk_one_cm":150118,"minecraft:mob_kills":7,"minecraft:drop":24,"minecraft:damage_dealt":693,"minecraft:talked_to_villager":3,"minecraft:swim_one_cm":10916,"minecraft:interact_with_crafting_table":4,"minecraft:fly_one_cm":230294,"minecraft:open_chest":5,"minecraft:crouch_one_cm":5255,"minecraft:play_time":43525,"minecraft:deaths":1,"minecraft:sneak_time":1449,"minecraft:walk_under_water_one_cm":6673,"minecraft:jump":933,"minecraft:leave_game":2,"minecraft:time_since_death":19918,"minecraft:walk_on_water_one_cm":4160,"minecraft:sleep_in_bed":3,"minecraft:climb_one_cm":73,"minecraft:total_world_time":43525,"minecraft:fall_one_cm":30474},"minecraft:crafted":{"minecraft:oak_planks":352,"minecraft:iron_axe":1,"minecraft:crafting_table":2,"minecraft:stick":4,"minecraft:wooden_axe":2,"minecraft:white_bed":1},"minecraft:killed":{"minecraft:sheep":3,"minecraft:zombie":1,"minecraft:chicken":1,"minecraft:cow":2},"minecraft:mined":{"minecraft:white_bed":2,"biomesoplenty:mahogany_log":23,"biomesoplenty:desert_grass":4,"minecraft:crafting_table":4,"minecraft:grass":34,"biomesoplenty:high_grass":1,"minecraft:acacia_log":2,"minecraft:grass_block":10,"minecraft:oak_log":121,"minecraft:rose_bush":2,"minecraft:dirt":21,"biomesoplenty:high_grass_plant":2,"minecraft:tall_grass":9,"minecraft:spruce_leaves":1,"minecraft:sugar_cane":1,"minecraft:oak_leaves":7,"minecraft:fern":29},"minecraft:used":{"minecraft:wooden_axe":135,"minecraft:iron_axe":117,"minecraft:melon_slice":5,"minecraft:bread":7,"minecraft:oak_planks":23,"minecraft:dirt":40,"minecraft:mutton":5,"minecraft:beef":5,"minecraft:crafting_table":5,"minecraft:oak_sapling":27,"minecraft:white_bed":2},"minecraft:dropped":{"minecraft:dirt":12,"alexsmobs:animal_dictionary":3,"biomesoplenty:wildflower":6,"minecraft:apple":3},"minecraft:picked_up":{"minecraft:stick":29,"minecraft:crafting_table":4,"minecraft:feather":2,"minecraft:chicken":1,"minecraft:leather":4,"minecraft:acacia_log":4,"minecraft:oak_log":184,"minecraft:white_bed":3,"minecraft:gunpowder":4,"alexsmobs:animal_dictionary":3,"minecraft:dirt":79,"biomesoplenty:mahogany_log":1,"minecraft:rotten_flesh":2,"minecraft:apple":6,"biomesoplenty:mahogany_sapling":1,"minecraft:wheat_seeds":17,"minecraft:iron_ingot":4,"minecraft:beef":10,"minecraft:rose_bush":4,"minecraft:emerald":1,"minecraft:oak_sapling":37,"biomesoplenty:wildflower":19,"minecraft:sugar_cane":6,"minecraft:mutton":10,"minecraft:oak_planks":81,"minecraft:white_wool":3,"minecraft:egg":1},"minecraft:broken":{"minecraft:wooden_axe":2}},"DataVersion":3465}