{"stats":{"minecraft:picked_up":{"minecraft:wooden_axe":1,"minecraft:stick":5,"minecraft:salmon":2,"minecraft:apple":2,"minecraft:torch":4,"minecraft:stone_pickaxe":1,"minecraft:oak_log":3,"minecraft:chest":1,"minecraft:mutton":1,"minecraft:oak_planks":11,"minecraft:white_wool":1},"minecraft:mined":{"minecraft:chest":1,"minecraft:torch":4},"minecraft:used":{"minecraft:wooden_axe":4},"minecraft:killed":{"minecraft:sheep":1},"minecraft:custom":{"minecraft:time_since_rest":736,"minecraft:play_time":1898,"minecraft:sprint_one_cm":8502,"minecraft:damage_taken":90,"minecraft:walk_one_cm":8347,"minecraft:mob_kills":1,"minecraft:jump":40,"minecraft:damage_dealt":66,"minecraft:leave_game":1,"minecraft:time_since_death":1898,"minecraft:sleep_in_bed":1,"minecraft:total_world_time":1898,"minecraft:fall_one_cm":4034,"minecraft:fly_one_cm":8208}},"DataVersion":3465}