{"stats":{"minecraft:custom":{"minecraft:mob_kills":7,"minecraft:interact_with_crafting_table":4,"minecraft:leave_game":4,"minecraft:time_since_death":11329,"minecraft:sleep_in_bed":3,"minecraft:climb_one_cm":435,"minecraft:time_since_rest":11354,"minecraft:sprint_one_cm":226908,"minecraft:damage_taken":625,"minecraft:walk_one_cm":200698,"minecraft:drop":25,"minecraft:damage_dealt":693,"minecraft:swim_one_cm":10916,"minecraft:talked_to_villager":3,"minecraft:fly_one_cm":263395,"minecraft:open_chest":5,"minecraft:crouch_one_cm":5255,"minecraft:play_time":55948,"minecraft:deaths":2,"minecraft:sneak_time":1465,"minecraft:walk_under_water_one_cm":6673,"minecraft:jump":1080,"minecraft:walk_on_water_one_cm":4160,"minecraft:total_world_time":55948,"minecraft:fall_one_cm":34085},"minecraft:dropped":{"alexsmobs:animal_dictionary":3,"minecraft:apple":3,"minecraft:dirt":12,"biomesoplenty:wildflower":6,"minecraft:iron_axe":1},"minecraft:mined":{"minecraft:white_bed":2,"biomesoplenty:desert_grass":4,"minecraft:crafting_table":4,"minecraft:acacia_log":2,"minecraft:grass_block":10,"minecraft:rose_bush":2,"biomesoplenty:high_grass_plant":7,"minecraft:tall_grass":9,"minecraft:spruce_leaves":1,"minecraft:sugar_cane":1,"biomesoplenty:mahogany_log":100,"biomesoplenty:pink_daffodil":3,"minecraft:grass":38,"minecraft:oak_log":121,"biomesoplenty:high_grass":4,"minecraft:dirt":21,"minecraft:oak_leaves":7,"minecraft:fern":32},"minecraft:crafted":{"minecraft:oak_planks":352,"minecraft:crafting_table":2,"minecraft:iron_axe":1,"minecraft:stick":4,"minecraft:wooden_axe":2,"minecraft:white_bed":1},"minecraft:picked_up":{"minecraft:crafting_table":5,"minecraft:feather":4,"minecraft:chicken":2,"minecraft:leather":6,"minecraft:oak_log":216,"minecraft:gunpowder":4,"minecraft:dirt":90,"minecraft:iron_axe":2,"minecraft:iron_shovel":1,"minecraft:apple":6,"minecraft:wheat_seeds":30,"minecraft:beef":10,"minecraft:iron_ingot":5,"minecraft:rose_bush":6,"biomesoplenty:wildflower":32,"minecraft:sugar_cane":9,"minecraft:oak_planks":391,"minecraft:egg":2,"minecraft:stick":47,"minecraft:acacia_log":6,"minecraft:white_bed":4,"alexsmobs:animal_dictionary":3,"biomesoplenty:mahogany_log":78,"minecraft:rotten_flesh":4,"biomesoplenty:mahogany_sapling":12,"minecraft:saddle":1,"minecraft:emerald":2,"minecraft:bread":2,"biomesoplenty:pink_daffodil":3,"minecraft:oak_sapling":47,"minecraft:mutton":10,"minecraft:white_wool":3},"minecraft:broken":{"minecraft:wooden_axe":2},"minecraft:killed":{"minecraft:sheep":3,"minecraft:zombie":1,"minecraft:chicken":1,"minecraft:cow":2},"minecraft:used":{"minecraft:oak_planks":23,"minecraft:dirt":40,"minecraft:mutton":5,"minecraft:crafting_table":5,"minecraft:white_bed":2,"minecraft:wooden_axe":135,"biomesoplenty:pink_daffodil":3,"minecraft:melon_slice":5,"minecraft:iron_axe":202,"minecraft:bread":9,"minecraft:beef":5,"minecraft:oak_sapling":27}},"DataVersion":3465}