{"stats":{"minecraft:custom":{"minecraft:time_since_rest":13119,"minecraft:crouch_one_cm":72,"minecraft:walk_one_cm":36134,"minecraft:play_time":14973,"minecraft:sprint_one_cm":5562,"minecraft:damage_taken":395,"minecraft:deaths":1,"minecraft:sneak_time":13,"minecraft:drop":2,"minecraft:jump":35,"minecraft:damage_dealt":10,"minecraft:leave_game":1,"minecraft:time_since_death":12811,"minecraft:total_world_time":14973,"minecraft:fly_one_cm":3242},"minecraft:dropped":{"minecraft:spruce_log":1,"alexsmobs:animal_dictionary":1},"minecraft:mined":{"minecraft:grass":1,"minecraft:oak_log":4,"minecraft:spruce_leaves":1,"minecraft:spruce_log":2},"minecraft:picked_up":{"minecraft:rotten_flesh":1,"minecraft:oak_log":4,"minecraft:spruce_log":3,"alexsmobs:animal_dictionary":2},"minecraft:used":{"alexsmobs:animal_dictionary":2,"minecraft:spruce_log":1}},"DataVersion":3465}