{"stats":{"minecraft:custom":{"minecraft:time_since_rest":13502,"minecraft:interact_with_smithing_table":1,"minecraft:sprint_one_cm":3057,"minecraft:damage_taken":1155,"minecraft:walk_one_cm":183325,"minecraft:mob_kills":1,"minecraft:drop":1,"minecraft:damage_dealt":75,"minecraft:talked_to_villager":2,"minecraft:fly_one_cm":3992,"minecraft:open_chest":9,"minecraft:play_time":38416,"minecraft:deaths":2,"minecraft:sneak_time":39,"minecraft:walk_under_water_one_cm":380,"minecraft:jump":239,"minecraft:leave_game":1,"minecraft:walk_on_water_one_cm":824,"minecraft:time_since_death":31778,"minecraft:sleep_in_bed":1,"minecraft:climb_one_cm":166,"minecraft:total_world_time":38416,"minecraft:fall_one_cm":3619},"minecraft:killed":{"minecraft:chicken":1},"minecraft:mined":{"minecraft:scaffolding":1,"biomesoplenty:mahogany_log":6,"minecraft:fire":4,"biomesoplenty:wildflower":20,"biomesoplenty:pink_daffodil":8,"minecraft:grass":3,"minecraft:rose_bush":1,"minecraft:oxeye_daisy":3,"minecraft:wall_torch":2,"minecraft:fern":1},"minecraft:used":{"alexsmobs:emu_egg":1,"minecraft:apple":3,"minecraft:chicken":1,"minecraft:bread":6,"biomesoplenty:mahogany_log":1,"minecraft:torch":2,"minecraft:dirt":12,"alexsmobs:animal_dictionary":1},"minecraft:dropped":{"biomesoplenty:pink_daffodil":1},"minecraft:picked_up":{"minecraft:scaffolding":1,"minecraft:feather":1,"minecraft:chicken":1,"minecraft:torch":2,"minecraft:spruce_sapling":1,"alexsmobs:animal_dictionary":2,"minecraft:dirt":31,"biomesoplenty:mahogany_log":6,"minecraft:bone":2,"minecraft:apple":3,"minecraft:rotten_flesh":2,"minecraft:wheat_seeds":3,"minecraft:rose_bush":1,"alexsmobs:emu_egg":1,"biomesoplenty:pink_daffodil":9,"biomesoplenty:wildflower":26,"minecraft:egg":1,"minecraft:oxeye_daisy":3}},"DataVersion":3465}