{"stats":{"minecraft:custom":{"minecraft:open_chest":2,"minecraft:time_since_rest":192,"minecraft:play_time":25106,"minecraft:sprint_one_cm":2773,"minecraft:walk_one_cm":110826,"minecraft:damage_taken":1005,"minecraft:deaths":2,"minecraft:walk_under_water_one_cm":380,"minecraft:sneak_time":31,"minecraft:mob_kills":1,"minecraft:drop":1,"minecraft:jump":197,"minecraft:damage_dealt":75,"minecraft:time_since_death":18468,"minecraft:walk_on_water_one_cm":824,"minecraft:sleep_in_bed":1,"minecraft:total_world_time":25106,"minecraft:fall_one_cm":2934,"minecraft:fly_one_cm":3965},"minecraft:killed":{"minecraft:chicken":1},"minecraft:mined":{"minecraft:grass":3,"minecraft:rose_bush":1,"biomesoplenty:pink_daffodil":1,"biomesoplenty:wildflower":20,"minecraft:oxeye_daisy":3},"minecraft:used":{"alexsmobs:emu_egg":1,"minecraft:apple":3,"minecraft:dirt":12,"minecraft:chicken":1,"minecraft:bread":3,"alexsmobs:animal_dictionary":1},"minecraft:dropped":{"biomesoplenty:pink_daffodil":1},"minecraft:picked_up":{"minecraft:chicken":1,"minecraft:feather":1,"minecraft:bone":2,"minecraft:rotten_flesh":2,"minecraft:apple":3,"minecraft:wheat_seeds":3,"minecraft:rose_bush":1,"alexsmobs:emu_egg":1,"minecraft:spruce_sapling":1,"biomesoplenty:pink_daffodil":2,"biomesoplenty:wildflower":26,"minecraft:dirt":31,"alexsmobs:animal_dictionary":2,"minecraft:oxeye_daisy":3,"minecraft:egg":1}},"DataVersion":3465}