{"stats":{"minecraft:custom":{"minecraft:time_since_rest":6501,"minecraft:play_time":13106,"minecraft:sprint_one_cm":170,"minecraft:walk_one_cm":54615,"minecraft:damage_taken":785,"minecraft:deaths":2,"minecraft:walk_under_water_one_cm":380,"minecraft:sneak_time":9,"minecraft:jump":119,"minecraft:time_since_death":6468,"minecraft:walk_on_water_one_cm":824,"minecraft:total_world_time":13106,"minecraft:fall_one_cm":2934,"minecraft:fly_one_cm":2497},"minecraft:mined":{"minecraft:grass":3,"biomesoplenty:wildflower":20},"minecraft:used":{"alexsmobs:emu_egg":1,"minecraft:apple":1,"minecraft:dirt":12,"alexsmobs:animal_dictionary":1},"minecraft:picked_up":{"minecraft:rotten_flesh":2,"minecraft:apple":3,"minecraft:wheat_seeds":3,"alexsmobs:emu_egg":1,"minecraft:spruce_sapling":1,"biomesoplenty:wildflower":26,"minecraft:dirt":31,"alexsmobs:animal_dictionary":1}},"DataVersion":3465}