{"stats":{"minecraft:broken":{"minecraft:wooden_axe":1},"minecraft:picked_up":{"minecraft:birch_log":14,"minecraft:stick":6,"minecraft:crafting_table":2,"minecraft:apple":1,"minecraft:oak_log":47,"minecraft:dirt":1,"minecraft:oak_sapling":2,"minecraft:mutton":2,"minecraft:black_wool":1,"minecraft:birch_sapling":4,"minecraft:white_wool":1},"minecraft:mined":{"minecraft:grass_block":1,"minecraft:grass":1,"minecraft:oak_log":48,"minecraft:birch_log":14,"minecraft:oak_leaves":9,"minecraft:crafting_table":2},"minecraft:used":{"minecraft:wooden_axe":70,"minecraft:crafting_table":2},"minecraft:killed":{"minecraft:skeleton":1},"minecraft:custom":{"minecraft:time_since_rest":7296,"minecraft:sprint_one_cm":31334,"minecraft:play_time":7296,"minecraft:damage_taken":185,"minecraft:walk_one_cm":19097,"minecraft:sneak_time":14,"minecraft:walk_under_water_one_cm":1070,"minecraft:mob_kills":1,"minecraft:jump":130,"minecraft:damage_dealt":249,"minecraft:walk_on_water_one_cm":592,"minecraft:leave_game":3,"minecraft:time_since_death":7296,"minecraft:swim_one_cm":4284,"minecraft:total_world_time":7296,"minecraft:interact_with_crafting_table":2,"minecraft:fall_one_cm":2727,"minecraft:fly_one_cm":17574},"minecraft:crafted":{"minecraft:oak_planks":116,"minecraft:crafting_table":1,"minecraft:stick":4,"minecraft:wooden_axe":1}},"DataVersion":3465}