{"stats":{"minecraft:picked_up":{"minecraft:stick":12,"minecraft:crafting_table":1,"minecraft:brown_wool":1,"minecraft:wheat_seeds":1,"minecraft:cherry_sapling":29,"minecraft:cherry_log":58,"minecraft:oak_log":7,"minecraft:oak_sapling":1,"minecraft:red_bed":1,"minecraft:mutton":3,"minecraft:white_wool":1,"minecraft:cobblestone":7},"minecraft:killed":{"minecraft:sheep":2},"minecraft:used":{"minecraft:stone_axe":85,"minecraft:cherry_sapling":29,"minecraft:apple":4,"minecraft:crafting_table":1,"minecraft:red_bed":1,"minecraft:wooden_pickaxe":7},"minecraft:custom":{"minecraft:open_chest":4,"minecraft:time_since_rest":11368,"minecraft:play_time":11368,"minecraft:sprint_one_cm":42582,"minecraft:damage_taken":80,"minecraft:walk_one_cm":47000,"minecraft:mob_kills":2,"minecraft:jump":268,"minecraft:leave_game":1,"minecraft:walk_on_water_one_cm":108,"minecraft:damage_dealt":158,"minecraft:time_since_death":11368,"minecraft:total_world_time":11405,"minecraft:climb_one_cm":374,"minecraft:interact_with_crafting_table":3,"minecraft:fall_one_cm":9525,"minecraft:fly_one_cm":43702},"minecraft:mined":{"minecraft:grass":1,"minecraft:oak_log":7,"minecraft:red_bed":1,"minecraft:tall_grass":4,"minecraft:cherry_log":66,"minecraft:stone":7,"minecraft:crafting_table":1},"minecraft:crafted":{"minecraft:oak_planks":28,"minecraft:crafting_table":1,"minecraft:stone_axe":1,"minecraft:stick":4,"minecraft:wooden_pickaxe":1}},"DataVersion":3465}