{"stats":{"minecraft:crafted":{"minecraft:oak_planks":24,"minecraft:crafting_table":1,"minecraft:stick":4,"minecraft:wooden_axe":1},"minecraft:mined":{"minecraft:oak_log":23,"minecraft:birch_log":14,"minecraft:oak_leaves":6,"minecraft:crafting_table":1},"minecraft:picked_up":{"minecraft:birch_log":14,"minecraft:stick":1,"minecraft:crafting_table":1,"minecraft:oak_log":23,"minecraft:black_wool":1,"minecraft:mutton":2,"minecraft:birch_sapling":4,"minecraft:white_wool":1},"minecraft:used":{"minecraft:wooden_axe":38,"minecraft:crafting_table":1},"minecraft:custom":{"minecraft:time_since_rest":2844,"minecraft:sprint_one_cm":7599,"minecraft:play_time":2844,"minecraft:damage_taken":10,"minecraft:walk_one_cm":3770,"minecraft:jump":29,"minecraft:leave_game":2,"minecraft:time_since_death":2844,"minecraft:total_world_time":2844,"minecraft:interact_with_crafting_table":1,"minecraft:fall_one_cm":753,"minecraft:fly_one_cm":3554}},"DataVersion":3465}