{
  "minecraft:recipes/decorations/crafting_table": {
    "criteria": {
      "unlock_right_away": "2024-07-02 21:58:08 -0600"
    },
    "done": true
  },
  "biomesoplenty:biomesoplenty/all_biomes": {
    "criteria": {
      "woodland": "2024-07-02 21:59:02 -0600",
      "scrubland": "2024-07-02 21:58:27 -0600"
    },
    "done": false
  },
  "biomesoplenty:biomesoplenty/root": {
    "criteria": {
      "scrubland": "2024-07-02 21:58:27 -0600"
    },
    "done": true
  },
  "DataVersion": 3465
}